url,label
https://www.google.com,0
https://www.google.com/search?q=cybersecurity+best+practices,0
https://www.google.com/maps,0
https://www.google.com/drive,0
https://www.bing.com,0
https://www.bing.com/search?q=machine+learning+models,0
https://duckduckgo.com,0
https://duckduckgo.com/?q=python+programming,0
https://www.yahoo.com,0
https://news.yahoo.com/tech,0
https://github.com,0
https://github.com/torvalds/linux,0
https://github.com/facebook/react,0
https://github.com/golang/go/issues/102,0
https://stackoverflow.com,0
https://stackoverflow.com/questions/123456/how-to-fix-python-import-error,0
https://stackexchange.com,0
https://pypi.org/project/requests/,0
https://npm.js.org/package/express,0
https://developer.mozilla.org/en-US/docs/Web/JavaScript,0
https://docs.python.org/3/library/stdtypes.html,0
https://react.dev/learn,0
https://nodejs.org/en/docs/,0
https://kubernetes.io/docs/concepts/,0
https://docker.com/products/docker-desktop,0
https://www.amazon.com,0
https://www.amazon.com/dp/B08N5WRWNW,0
https://www.amazon.com/gp/bestsellers,0
https://www.ebay.com,0
https://www.ebay.com/itm/1234567890,0
https://www.walmart.com,0
https://www.target.com,0
https://www.bestbuy.com,0
https://www.shopify.com,0
https://www.facebook.com,0
https://www.facebook.com/help,0
https://www.instagram.com,0
https://www.twitter.com,0
https://x.com/explore,0
https://www.linkedin.com,0
https://www.linkedin.com/jobs,0
https://www.reddit.com/r/cybersecurity,0
https://www.reddit.com/r/programming,0
https://www.youtube.com/watch?v=dQw4w9WgXcQ,0
https://www.netflix.com/browse,0
https://www.spotify.com/us/premium/,0
https://www.wikipedia.org,0
https://en.wikipedia.org/wiki/Phishing,0
https://en.wikipedia.org/wiki/Machine_learning,0
https://www.bbc.com/news,0
https://www.cnn.com/world,0
https://www.nytimes.com,0
https://www.reuters.com/technology,0
https://www.theguardian.com/international,0
https://techcrunch.com,0
https://arstechnica.com,0
https://www.microsoft.com/en-us/,0
https://azure.microsoft.com/en-us/products/,0
https://aws.amazon.com/console/,0
https://cloud.google.com/docs,0
https://www.apple.com/iphone/,0
https://support.apple.com/kb/HT201222,0
https://www.cloudflare.com/learning/access-management/what-is-zero-trust/,0
https://www.salesforce.com,0
https://www.zoom.us,0
https://www.cisco.com,0
https://www.paypal.com/us/home,0
https://www.chase.com,0
https://www.wellsfargo.com,0
https://www.bankofamerica.com,0
https://www.citigroup.com,0
https://www.stripe.com,0
https://www.coinbase.com,0
https://www.binance.com,0
https://www.google.com/section/1?id=74,0
https://www.google.com/search?q=cybersecurity+best+practices&ref=page_1&id=75,0
https://www.google.com/maps/section/1?id=76,0
https://www.google.com/drive/section/1?id=77,0
https://www.bing.com/section/1?id=78,0
https://www.bing.com/search?q=machine+learning+models&ref=page_1&id=79,0
https://duckduckgo.com/section/1?id=80,0
https://duckduckgo.com/?q=python+programming&ref=page_1&id=81,0
https://www.yahoo.com/section/1?id=82,0
https://news.yahoo.com/tech/section/1?id=83,0
https://github.com/section/1?id=84,0
https://github.com/torvalds/linux/section/1?id=85,0
https://github.com/facebook/react/section/1?id=86,0
https://github.com/golang/go/issues/102/section/1?id=87,0
https://stackoverflow.com/section/1?id=88,0
https://stackoverflow.com/questions/123456/how-to-fix-python-import-error/section/1?id=89,0
https://stackexchange.com/section/1?id=90,0
https://pypi.org/project/requests//section/1?id=91,0
https://npm.js.org/package/express/section/1?id=92,0
https://developer.mozilla.org/en-US/docs/Web/JavaScript/section/1?id=93,0
https://docs.python.org/3/library/stdtypes.html/section/1?id=94,0
https://react.dev/learn/section/1?id=95,0
https://nodejs.org/en/docs//section/1?id=96,0
https://kubernetes.io/docs/concepts//section/1?id=97,0
https://docker.com/products/docker-desktop/section/1?id=98,0
https://www.amazon.com/section/1?id=99,0
https://www.amazon.com/dp/B08N5WRWNW/section/1?id=100,0
https://www.amazon.com/gp/bestsellers/section/1?id=101,0
https://www.ebay.com/section/1?id=102,0
https://www.ebay.com/itm/1234567890/section/1?id=103,0
https://www.walmart.com/section/1?id=104,0
https://www.target.com/section/1?id=105,0
https://www.bestbuy.com/section/1?id=106,0
https://www.shopify.com/section/1?id=107,0
https://www.facebook.com/section/1?id=108,0
https://www.facebook.com/help/section/1?id=109,0
https://www.instagram.com/section/1?id=110,0
https://www.twitter.com/section/1?id=111,0
https://x.com/explore/section/1?id=112,0
https://www.linkedin.com/section/1?id=113,0
https://www.linkedin.com/jobs/section/1?id=114,0
https://www.reddit.com/r/cybersecurity/section/1?id=115,0
https://www.reddit.com/r/programming/section/1?id=116,0
https://www.youtube.com/watch?v=dQw4w9WgXcQ&ref=page_1&id=117,0
https://www.netflix.com/browse/section/1?id=118,0
https://www.spotify.com/us/premium//section/1?id=119,0
https://www.wikipedia.org/section/1?id=120,0
https://en.wikipedia.org/wiki/Phishing/section/1?id=121,0
https://en.wikipedia.org/wiki/Machine_learning/section/1?id=122,0
https://www.bbc.com/news/section/1?id=123,0
https://www.cnn.com/world/section/1?id=124,0
https://www.nytimes.com/section/1?id=125,0
https://www.reuters.com/technology/section/1?id=126,0
https://www.theguardian.com/international/section/1?id=127,0
https://techcrunch.com/section/1?id=128,0
https://arstechnica.com/section/1?id=129,0
https://www.microsoft.com/en-us//section/1?id=130,0
https://azure.microsoft.com/en-us/products//section/1?id=131,0
https://aws.amazon.com/console//section/1?id=132,0
https://cloud.google.com/docs/section/1?id=133,0
https://www.apple.com/iphone//section/1?id=134,0
https://support.apple.com/kb/HT201222/section/1?id=135,0
https://www.cloudflare.com/learning/access-management/what-is-zero-trust//section/1?id=136,0
https://www.salesforce.com/section/1?id=137,0
https://www.zoom.us/section/1?id=138,0
https://www.cisco.com/section/1?id=139,0
https://www.paypal.com/us/home/section/1?id=140,0
https://www.chase.com/section/1?id=141,0
https://www.wellsfargo.com/section/1?id=142,0
https://www.bankofamerica.com/section/1?id=143,0
https://www.citigroup.com/section/1?id=144,0
https://www.stripe.com/section/1?id=145,0
https://www.coinbase.com/section/1?id=146,0
https://www.binance.com/section/1?id=147,0
https://www.google.com/section/2?id=148,0
https://www.google.com/search?q=cybersecurity+best+practices&ref=page_2&id=149,0
https://www.google.com/maps/section/2?id=150,0
https://www.google.com/drive/section/2?id=151,0
https://www.bing.com/section/2?id=152,0
https://www.bing.com/search?q=machine+learning+models&ref=page_2&id=153,0
https://duckduckgo.com/section/2?id=154,0
https://duckduckgo.com/?q=python+programming&ref=page_2&id=155,0
https://www.yahoo.com/section/2?id=156,0
https://news.yahoo.com/tech/section/2?id=157,0
https://github.com/section/2?id=158,0
https://github.com/torvalds/linux/section/2?id=159,0
https://github.com/facebook/react/section/2?id=160,0
https://github.com/golang/go/issues/102/section/2?id=161,0
https://stackoverflow.com/section/2?id=162,0
https://stackoverflow.com/questions/123456/how-to-fix-python-import-error/section/2?id=163,0
https://stackexchange.com/section/2?id=164,0
https://pypi.org/project/requests//section/2?id=165,0
https://npm.js.org/package/express/section/2?id=166,0
https://developer.mozilla.org/en-US/docs/Web/JavaScript/section/2?id=167,0
https://docs.python.org/3/library/stdtypes.html/section/2?id=168,0
https://react.dev/learn/section/2?id=169,0
https://nodejs.org/en/docs//section/2?id=170,0
https://kubernetes.io/docs/concepts//section/2?id=171,0
https://docker.com/products/docker-desktop/section/2?id=172,0
https://www.amazon.com/section/2?id=173,0
https://www.amazon.com/dp/B08N5WRWNW/section/2?id=174,0
https://www.amazon.com/gp/bestsellers/section/2?id=175,0
https://www.ebay.com/section/2?id=176,0
https://www.ebay.com/itm/1234567890/section/2?id=177,0
https://www.walmart.com/section/2?id=178,0
https://www.target.com/section/2?id=179,0
https://www.bestbuy.com/section/2?id=180,0
https://www.shopify.com/section/2?id=181,0
https://www.facebook.com/section/2?id=182,0
https://www.facebook.com/help/section/2?id=183,0
https://www.instagram.com/section/2?id=184,0
https://www.twitter.com/section/2?id=185,0
https://x.com/explore/section/2?id=186,0
https://www.linkedin.com/section/2?id=187,0
https://www.linkedin.com/jobs/section/2?id=188,0
https://www.reddit.com/r/cybersecurity/section/2?id=189,0
https://www.reddit.com/r/programming/section/2?id=190,0
https://www.youtube.com/watch?v=dQw4w9WgXcQ&ref=page_2&id=191,0
https://www.netflix.com/browse/section/2?id=192,0
https://www.spotify.com/us/premium//section/2?id=193,0
https://www.wikipedia.org/section/2?id=194,0
https://en.wikipedia.org/wiki/Phishing/section/2?id=195,0
https://en.wikipedia.org/wiki/Machine_learning/section/2?id=196,0
https://www.bbc.com/news/section/2?id=197,0
https://www.cnn.com/world/section/2?id=198,0
https://www.nytimes.com/section/2?id=199,0
https://www.reuters.com/technology/section/2?id=200,0
https://www.theguardian.com/international/section/2?id=201,0
https://techcrunch.com/section/2?id=202,0
https://arstechnica.com/section/2?id=203,0
https://www.microsoft.com/en-us//section/2?id=204,0
https://azure.microsoft.com/en-us/products//section/2?id=205,0
https://aws.amazon.com/console//section/2?id=206,0
https://cloud.google.com/docs/section/2?id=207,0
https://www.apple.com/iphone//section/2?id=208,0
https://support.apple.com/kb/HT201222/section/2?id=209,0
https://www.cloudflare.com/learning/access-management/what-is-zero-trust//section/2?id=210,0
https://www.salesforce.com/section/2?id=211,0
https://www.zoom.us/section/2?id=212,0
https://www.cisco.com/section/2?id=213,0
https://www.paypal.com/us/home/section/2?id=214,0
https://www.chase.com/section/2?id=215,0
https://www.wellsfargo.com/section/2?id=216,0
https://www.bankofamerica.com/section/2?id=217,0
https://www.citigroup.com/section/2?id=218,0
https://www.stripe.com/section/2?id=219,0
https://www.coinbase.com/section/2?id=220,0
https://www.binance.com/section/2?id=221,0
https://www.google.com/section/3?id=222,0
https://www.google.com/search?q=cybersecurity+best+practices&ref=page_3&id=223,0
https://www.google.com/maps/section/3?id=224,0
https://www.google.com/drive/section/3?id=225,0
https://www.bing.com/section/3?id=226,0
https://www.bing.com/search?q=machine+learning+models&ref=page_3&id=227,0
https://duckduckgo.com/section/3?id=228,0
https://duckduckgo.com/?q=python+programming&ref=page_3&id=229,0
https://www.yahoo.com/section/3?id=230,0
https://news.yahoo.com/tech/section/3?id=231,0
https://github.com/section/3?id=232,0
https://github.com/torvalds/linux/section/3?id=233,0
https://github.com/facebook/react/section/3?id=234,0
https://github.com/golang/go/issues/102/section/3?id=235,0
https://stackoverflow.com/section/3?id=236,0
https://stackoverflow.com/questions/123456/how-to-fix-python-import-error/section/3?id=237,0
https://stackexchange.com/section/3?id=238,0
https://pypi.org/project/requests//section/3?id=239,0
https://npm.js.org/package/express/section/3?id=240,0
https://developer.mozilla.org/en-US/docs/Web/JavaScript/section/3?id=241,0
https://docs.python.org/3/library/stdtypes.html/section/3?id=242,0
https://react.dev/learn/section/3?id=243,0
https://nodejs.org/en/docs//section/3?id=244,0
https://kubernetes.io/docs/concepts//section/3?id=245,0
https://docker.com/products/docker-desktop/section/3?id=246,0
https://www.amazon.com/section/3?id=247,0
https://www.amazon.com/dp/B08N5WRWNW/section/3?id=248,0
https://www.amazon.com/gp/bestsellers/section/3?id=249,0
https://www.ebay.com/section/3?id=250,0
https://www.ebay.com/itm/1234567890/section/3?id=251,0
https://www.walmart.com/section/3?id=252,0
https://www.target.com/section/3?id=253,0
https://www.bestbuy.com/section/3?id=254,0
https://www.shopify.com/section/3?id=255,0
https://www.facebook.com/section/3?id=256,0
https://www.facebook.com/help/section/3?id=257,0
https://www.instagram.com/section/3?id=258,0
https://www.twitter.com/section/3?id=259,0
https://x.com/explore/section/3?id=260,0
https://www.linkedin.com/section/3?id=261,0
https://www.linkedin.com/jobs/section/3?id=262,0
https://www.reddit.com/r/cybersecurity/section/3?id=263,0
https://www.reddit.com/r/programming/section/3?id=264,0
https://www.youtube.com/watch?v=dQw4w9WgXcQ&ref=page_3&id=265,0
https://www.netflix.com/browse/section/3?id=266,0
https://www.spotify.com/us/premium//section/3?id=267,0
https://www.wikipedia.org/section/3?id=268,0
https://en.wikipedia.org/wiki/Phishing/section/3?id=269,0
https://en.wikipedia.org/wiki/Machine_learning/section/3?id=270,0
https://www.bbc.com/news/section/3?id=271,0
https://www.cnn.com/world/section/3?id=272,0
https://www.nytimes.com/section/3?id=273,0
https://www.reuters.com/technology/section/3?id=274,0
https://www.theguardian.com/international/section/3?id=275,0
https://techcrunch.com/section/3?id=276,0
https://arstechnica.com/section/3?id=277,0
https://www.microsoft.com/en-us//section/3?id=278,0
https://azure.microsoft.com/en-us/products//section/3?id=279,0
https://aws.amazon.com/console//section/3?id=280,0
https://cloud.google.com/docs/section/3?id=281,0
https://www.apple.com/iphone//section/3?id=282,0
https://support.apple.com/kb/HT201222/section/3?id=283,0
https://www.cloudflare.com/learning/access-management/what-is-zero-trust//section/3?id=284,0
https://www.salesforce.com/section/3?id=285,0
https://www.zoom.us/section/3?id=286,0
https://www.cisco.com/section/3?id=287,0
https://www.paypal.com/us/home/section/3?id=288,0
https://www.chase.com/section/3?id=289,0
https://www.wellsfargo.com/section/3?id=290,0
https://www.bankofamerica.com/section/3?id=291,0
https://www.citigroup.com/section/3?id=292,0
https://www.stripe.com/section/3?id=293,0
https://www.coinbase.com/section/3?id=294,0
https://www.binance.com/section/3?id=295,0
https://www.google.com/section/4?id=296,0
https://www.google.com/search?q=cybersecurity+best+practices&ref=page_4&id=297,0
https://www.google.com/maps/section/4?id=298,0
https://www.google.com/drive/section/4?id=299,0
https://www.bing.com/section/4?id=300,0
https://www.bing.com/search?q=machine+learning+models&ref=page_4&id=301,0
https://duckduckgo.com/section/4?id=302,0
https://duckduckgo.com/?q=python+programming&ref=page_4&id=303,0
https://www.yahoo.com/section/4?id=304,0
https://news.yahoo.com/tech/section/4?id=305,0
https://github.com/section/4?id=306,0
https://github.com/torvalds/linux/section/4?id=307,0
https://github.com/facebook/react/section/4?id=308,0
https://github.com/golang/go/issues/102/section/4?id=309,0
https://stackoverflow.com/section/4?id=310,0
https://stackoverflow.com/questions/123456/how-to-fix-python-import-error/section/4?id=311,0
https://stackexchange.com/section/4?id=312,0
https://pypi.org/project/requests//section/4?id=313,0
https://npm.js.org/package/express/section/4?id=314,0
https://developer.mozilla.org/en-US/docs/Web/JavaScript/section/4?id=315,0
https://docs.python.org/3/library/stdtypes.html/section/4?id=316,0
https://react.dev/learn/section/4?id=317,0
https://nodejs.org/en/docs//section/4?id=318,0
https://kubernetes.io/docs/concepts//section/4?id=319,0
https://docker.com/products/docker-desktop/section/4?id=320,0
https://www.amazon.com/section/4?id=321,0
https://www.amazon.com/dp/B08N5WRWNW/section/4?id=322,0
https://www.amazon.com/gp/bestsellers/section/4?id=323,0
https://www.ebay.com/section/4?id=324,0
https://www.ebay.com/itm/1234567890/section/4?id=325,0
https://www.walmart.com/section/4?id=326,0
https://www.target.com/section/4?id=327,0
https://www.bestbuy.com/section/4?id=328,0
https://www.shopify.com/section/4?id=329,0
https://www.facebook.com/section/4?id=330,0
https://www.facebook.com/help/section/4?id=331,0
https://www.instagram.com/section/4?id=332,0
https://www.twitter.com/section/4?id=333,0
https://x.com/explore/section/4?id=334,0
https://www.linkedin.com/section/4?id=335,0
https://www.linkedin.com/jobs/section/4?id=336,0
https://www.reddit.com/r/cybersecurity/section/4?id=337,0
https://www.reddit.com/r/programming/section/4?id=338,0
https://www.youtube.com/watch?v=dQw4w9WgXcQ&ref=page_4&id=339,0
https://www.netflix.com/browse/section/4?id=340,0
https://www.spotify.com/us/premium//section/4?id=341,0
https://www.wikipedia.org/section/4?id=342,0
https://en.wikipedia.org/wiki/Phishing/section/4?id=343,0
https://en.wikipedia.org/wiki/Machine_learning/section/4?id=344,0
https://www.bbc.com/news/section/4?id=345,0
https://www.cnn.com/world/section/4?id=346,0
https://www.nytimes.com/section/4?id=347,0
https://www.reuters.com/technology/section/4?id=348,0
https://www.theguardian.com/international/section/4?id=349,0
https://techcrunch.com/section/4?id=350,0
https://arstechnica.com/section/4?id=351,0
https://www.microsoft.com/en-us//section/4?id=352,0
https://azure.microsoft.com/en-us/products//section/4?id=353,0
https://aws.amazon.com/console//section/4?id=354,0
https://cloud.google.com/docs/section/4?id=355,0
https://www.apple.com/iphone//section/4?id=356,0
https://support.apple.com/kb/HT201222/section/4?id=357,0
https://www.cloudflare.com/learning/access-management/what-is-zero-trust//section/4?id=358,0
https://www.salesforce.com/section/4?id=359,0
https://www.zoom.us/section/4?id=360,0
https://www.cisco.com/section/4?id=361,0
https://www.paypal.com/us/home/section/4?id=362,0
https://www.chase.com/section/4?id=363,0
https://www.wellsfargo.com/section/4?id=364,0
https://www.bankofamerica.com/section/4?id=365,0
https://www.citigroup.com/section/4?id=366,0
https://www.stripe.com/section/4?id=367,0
https://www.coinbase.com/section/4?id=368,0
https://www.binance.com/section/4?id=369,0
https://www.google.com/section/5?id=370,0
https://www.google.com/search?q=cybersecurity+best+practices&ref=page_5&id=371,0
https://www.google.com/maps/section/5?id=372,0
https://www.google.com/drive/section/5?id=373,0
https://www.bing.com/section/5?id=374,0
https://www.bing.com/search?q=machine+learning+models&ref=page_5&id=375,0
https://duckduckgo.com/section/5?id=376,0
https://duckduckgo.com/?q=python+programming&ref=page_5&id=377,0
https://www.yahoo.com/section/5?id=378,0
https://news.yahoo.com/tech/section/5?id=379,0
https://github.com/section/5?id=380,0
https://github.com/torvalds/linux/section/5?id=381,0
https://github.com/facebook/react/section/5?id=382,0
https://github.com/golang/go/issues/102/section/5?id=383,0
https://stackoverflow.com/section/5?id=384,0
https://stackoverflow.com/questions/123456/how-to-fix-python-import-error/section/5?id=385,0
https://stackexchange.com/section/5?id=386,0
https://pypi.org/project/requests//section/5?id=387,0
https://npm.js.org/package/express/section/5?id=388,0
https://developer.mozilla.org/en-US/docs/Web/JavaScript/section/5?id=389,0
https://docs.python.org/3/library/stdtypes.html/section/5?id=390,0
https://react.dev/learn/section/5?id=391,0
https://nodejs.org/en/docs//section/5?id=392,0
https://kubernetes.io/docs/concepts//section/5?id=393,0
https://docker.com/products/docker-desktop/section/5?id=394,0
https://www.amazon.com/section/5?id=395,0
https://www.amazon.com/dp/B08N5WRWNW/section/5?id=396,0
https://www.amazon.com/gp/bestsellers/section/5?id=397,0
https://www.ebay.com/section/5?id=398,0
https://www.ebay.com/itm/1234567890/section/5?id=399,0
https://www.walmart.com/section/5?id=400,0
https://www.target.com/section/5?id=401,0
https://www.bestbuy.com/section/5?id=402,0
https://www.shopify.com/section/5?id=403,0
https://www.facebook.com/section/5?id=404,0
https://www.facebook.com/help/section/5?id=405,0
https://www.instagram.com/section/5?id=406,0
https://www.twitter.com/section/5?id=407,0
https://x.com/explore/section/5?id=408,0
https://www.linkedin.com/section/5?id=409,0
https://www.linkedin.com/jobs/section/5?id=410,0
https://www.reddit.com/r/cybersecurity/section/5?id=411,0
https://www.reddit.com/r/programming/section/5?id=412,0
https://www.youtube.com/watch?v=dQw4w9WgXcQ&ref=page_5&id=413,0
https://www.netflix.com/browse/section/5?id=414,0
https://www.spotify.com/us/premium//section/5?id=415,0
https://www.wikipedia.org/section/5?id=416,0
https://en.wikipedia.org/wiki/Phishing/section/5?id=417,0
https://en.wikipedia.org/wiki/Machine_learning/section/5?id=418,0
https://www.bbc.com/news/section/5?id=419,0
https://www.cnn.com/world/section/5?id=420,0
https://www.nytimes.com/section/5?id=421,0
https://www.reuters.com/technology/section/5?id=422,0
https://www.theguardian.com/international/section/5?id=423,0
https://techcrunch.com/section/5?id=424,0
https://arstechnica.com/section/5?id=425,0
https://www.microsoft.com/en-us//section/5?id=426,0
https://azure.microsoft.com/en-us/products//section/5?id=427,0
https://aws.amazon.com/console//section/5?id=428,0
https://cloud.google.com/docs/section/5?id=429,0
https://www.apple.com/iphone//section/5?id=430,0
https://support.apple.com/kb/HT201222/section/5?id=431,0
https://www.cloudflare.com/learning/access-management/what-is-zero-trust//section/5?id=432,0
https://www.salesforce.com/section/5?id=433,0
https://www.zoom.us/section/5?id=434,0
https://www.cisco.com/section/5?id=435,0
https://www.paypal.com/us/home/section/5?id=436,0
https://www.chase.com/section/5?id=437,0
https://www.wellsfargo.com/section/5?id=438,0
https://www.bankofamerica.com/section/5?id=439,0
https://www.citigroup.com/section/5?id=440,0
https://www.stripe.com/section/5?id=441,0
https://www.coinbase.com/section/5?id=442,0
https://www.binance.com/section/5?id=443,0
https://www.google.com/section/6?id=444,0
https://www.google.com/search?q=cybersecurity+best+practices&ref=page_6&id=445,0
https://www.google.com/maps/section/6?id=446,0
https://www.google.com/drive/section/6?id=447,0
https://www.bing.com/section/6?id=448,0
https://www.bing.com/search?q=machine+learning+models&ref=page_6&id=449,0
https://duckduckgo.com/section/6?id=450,0
https://duckduckgo.com/?q=python+programming&ref=page_6&id=451,0
https://www.yahoo.com/section/6?id=452,0
https://news.yahoo.com/tech/section/6?id=453,0
https://github.com/section/6?id=454,0
https://github.com/torvalds/linux/section/6?id=455,0
https://github.com/facebook/react/section/6?id=456,0
https://github.com/golang/go/issues/102/section/6?id=457,0
https://stackoverflow.com/section/6?id=458,0
https://stackoverflow.com/questions/123456/how-to-fix-python-import-error/section/6?id=459,0
https://stackexchange.com/section/6?id=460,0
https://pypi.org/project/requests//section/6?id=461,0
https://npm.js.org/package/express/section/6?id=462,0
https://developer.mozilla.org/en-US/docs/Web/JavaScript/section/6?id=463,0
https://docs.python.org/3/library/stdtypes.html/section/6?id=464,0
https://react.dev/learn/section/6?id=465,0
https://nodejs.org/en/docs//section/6?id=466,0
https://kubernetes.io/docs/concepts//section/6?id=467,0
https://docker.com/products/docker-desktop/section/6?id=468,0
https://www.amazon.com/section/6?id=469,0
https://www.amazon.com/dp/B08N5WRWNW/section/6?id=470,0
https://www.amazon.com/gp/bestsellers/section/6?id=471,0
https://www.ebay.com/section/6?id=472,0
https://www.ebay.com/itm/1234567890/section/6?id=473,0
https://www.walmart.com/section/6?id=474,0
https://www.target.com/section/6?id=475,0
https://www.bestbuy.com/section/6?id=476,0
https://www.shopify.com/section/6?id=477,0
https://www.facebook.com/section/6?id=478,0
https://www.facebook.com/help/section/6?id=479,0
https://www.instagram.com/section/6?id=480,0
https://www.twitter.com/section/6?id=481,0
https://x.com/explore/section/6?id=482,0
https://www.linkedin.com/section/6?id=483,0
https://www.linkedin.com/jobs/section/6?id=484,0
https://www.reddit.com/r/cybersecurity/section/6?id=485,0
https://www.reddit.com/r/programming/section/6?id=486,0
https://www.youtube.com/watch?v=dQw4w9WgXcQ&ref=page_6&id=487,0
https://www.netflix.com/browse/section/6?id=488,0
https://www.spotify.com/us/premium//section/6?id=489,0
https://www.wikipedia.org/section/6?id=490,0
https://en.wikipedia.org/wiki/Phishing/section/6?id=491,0
https://en.wikipedia.org/wiki/Machine_learning/section/6?id=492,0
https://www.bbc.com/news/section/6?id=493,0
https://www.cnn.com/world/section/6?id=494,0
https://www.nytimes.com/section/6?id=495,0
https://www.reuters.com/technology/section/6?id=496,0
https://www.theguardian.com/international/section/6?id=497,0
https://techcrunch.com/section/6?id=498,0
https://arstechnica.com/section/6?id=499,0
https://www.microsoft.com/en-us//section/6?id=500,0
https://azure.microsoft.com/en-us/products//section/6?id=501,0
https://aws.amazon.com/console//section/6?id=502,0
https://cloud.google.com/docs/section/6?id=503,0
https://www.apple.com/iphone//section/6?id=504,0
https://support.apple.com/kb/HT201222/section/6?id=505,0
https://www.cloudflare.com/learning/access-management/what-is-zero-trust//section/6?id=506,0
https://www.salesforce.com/section/6?id=507,0
https://www.zoom.us/section/6?id=508,0
https://www.cisco.com/section/6?id=509,0
https://www.paypal.com/us/home/section/6?id=510,0
https://www.chase.com/section/6?id=511,0
https://www.wellsfargo.com/section/6?id=512,0
https://www.bankofamerica.com/section/6?id=513,0
https://www.citigroup.com/section/6?id=514,0
https://www.stripe.com/section/6?id=515,0
https://www.coinbase.com/section/6?id=516,0
https://www.binance.com/section/6?id=517,0
https://www.google.com/section/7?id=518,0
https://www.google.com/search?q=cybersecurity+best+practices&ref=page_7&id=519,0
https://www.google.com/maps/section/7?id=520,0
https://www.google.com/drive/section/7?id=521,0
https://www.bing.com/section/7?id=522,0
https://www.bing.com/search?q=machine+learning+models&ref=page_7&id=523,0
https://duckduckgo.com/section/7?id=524,0
https://duckduckgo.com/?q=python+programming&ref=page_7&id=525,0
https://www.yahoo.com/section/7?id=526,0
https://news.yahoo.com/tech/section/7?id=527,0
https://github.com/section/7?id=528,0
https://github.com/torvalds/linux/section/7?id=529,0
https://github.com/facebook/react/section/7?id=530,0
https://github.com/golang/go/issues/102/section/7?id=531,0
https://stackoverflow.com/section/7?id=532,0
https://stackoverflow.com/questions/123456/how-to-fix-python-import-error/section/7?id=533,0
https://stackexchange.com/section/7?id=534,0
https://pypi.org/project/requests//section/7?id=535,0
https://npm.js.org/package/express/section/7?id=536,0
https://developer.mozilla.org/en-US/docs/Web/JavaScript/section/7?id=537,0
https://docs.python.org/3/library/stdtypes.html/section/7?id=538,0
https://react.dev/learn/section/7?id=539,0
https://nodejs.org/en/docs//section/7?id=540,0
https://kubernetes.io/docs/concepts//section/7?id=541,0
https://docker.com/products/docker-desktop/section/7?id=542,0
https://www.amazon.com/section/7?id=543,0
https://www.amazon.com/dp/B08N5WRWNW/section/7?id=544,0
https://www.amazon.com/gp/bestsellers/section/7?id=545,0
https://www.ebay.com/section/7?id=546,0
https://www.ebay.com/itm/1234567890/section/7?id=547,0
https://www.walmart.com/section/7?id=548,0
https://www.target.com/section/7?id=549,0
https://www.bestbuy.com/section/7?id=550,0
https://www.shopify.com/section/7?id=551,0
https://www.facebook.com/section/7?id=552,0
https://www.facebook.com/help/section/7?id=553,0
https://www.instagram.com/section/7?id=554,0
https://www.twitter.com/section/7?id=555,0
https://x.com/explore/section/7?id=556,0
https://www.linkedin.com/section/7?id=557,0
https://www.linkedin.com/jobs/section/7?id=558,0
https://www.reddit.com/r/cybersecurity/section/7?id=559,0
https://www.reddit.com/r/programming/section/7?id=560,0
https://www.youtube.com/watch?v=dQw4w9WgXcQ&ref=page_7&id=561,0
https://www.netflix.com/browse/section/7?id=562,0
https://www.spotify.com/us/premium//section/7?id=563,0
https://www.wikipedia.org/section/7?id=564,0
https://en.wikipedia.org/wiki/Phishing/section/7?id=565,0
https://en.wikipedia.org/wiki/Machine_learning/section/7?id=566,0
https://www.bbc.com/news/section/7?id=567,0
https://www.cnn.com/world/section/7?id=568,0
https://www.nytimes.com/section/7?id=569,0
https://www.reuters.com/technology/section/7?id=570,0
https://www.theguardian.com/international/section/7?id=571,0
https://techcrunch.com/section/7?id=572,0
https://arstechnica.com/section/7?id=573,0
https://www.microsoft.com/en-us//section/7?id=574,0
https://azure.microsoft.com/en-us/products//section/7?id=575,0
https://aws.amazon.com/console//section/7?id=576,0
https://cloud.google.com/docs/section/7?id=577,0
https://www.apple.com/iphone//section/7?id=578,0
https://support.apple.com/kb/HT201222/section/7?id=579,0
https://www.cloudflare.com/learning/access-management/what-is-zero-trust//section/7?id=580,0
https://www.salesforce.com/section/7?id=581,0
https://www.zoom.us/section/7?id=582,0
https://www.cisco.com/section/7?id=583,0
https://www.paypal.com/us/home/section/7?id=584,0
https://www.chase.com/section/7?id=585,0
https://www.wellsfargo.com/section/7?id=586,0
https://www.bankofamerica.com/section/7?id=587,0
https://www.citigroup.com/section/7?id=588,0
https://www.stripe.com/section/7?id=589,0
https://www.coinbase.com/section/7?id=590,0
https://www.binance.com/section/7?id=591,0
https://www.google.com/section/8?id=592,0
https://www.google.com/search?q=cybersecurity+best+practices&ref=page_8&id=593,0
https://www.google.com/maps/section/8?id=594,0
https://www.google.com/drive/section/8?id=595,0
https://www.bing.com/section/8?id=596,0
https://www.bing.com/search?q=machine+learning+models&ref=page_8&id=597,0
https://duckduckgo.com/section/8?id=598,0
https://duckduckgo.com/?q=python+programming&ref=page_8&id=599,0
https://paypa1.com/cgi-bin/webscr-login,1
https://pinteresl.com/auth/login,1
https://paypal-security-update.com/signin/account-verify,1
https://paypal-account-verification-service.com/login.php,1
https://accounts-google-verify.com/login,1
https://google-drive-security-check.xyz/login.html,1
https://microsoft-online-auth.top/signin,1
https://login-microsoftonline-account.club/auth,1
https://amazon-order-verification.info/update-payment,1
https://amazon-security-alert.work/account/login,1
https://appleid-apple-support.com/verify-identity,1
https://apple-icloud-login-check.gq/auth,1
https://facebook-security-checkpoint.cf/login.php,1
https://instagram-verify-badge-claim.online/claim,1
https://netflix-billing-update-required.site/account,1
https://linkedin-job-application-auth.buzz/signin,1
https://github-account-security-alert.icu/auth,1
https://twitter-blue-verification-free.tk/verify,1
https://binance-wallet-verification.monster/login,1
https://coinbase-account-unlock-support.best/auth,1
http://192.168.1.100/paypal/login.html,1
http://45.33.22.11/secure/chase-bank/login,1
http://185.220.101.5/apple/verify.php,1
http://103.253.144.12/netflix/account-billing,1
http://91.240.118.168/wellsfargo/auth,1
http://198.51.100.23/amazon/update-card.html,1
http://203.0.113.42/google/signin-prompt,1
https://secure-login-account-verify.xyz/signin,1
https://update-billing-info-now.top/account,1
https://verify-credential-access.club/login,1
https://passcode-auth-verification.online/webscr,1
https://banking-security-checkpoint.site/relogin,1
https://authorize-wallet-confirm.buzz/checkpoint,1
https://secure-passcode-update.icu/billing,1
https://account-relogin-validation.tk/security,1
https://login.verify.account.update.secure.paypal.auth-check.com/signin,1
https://secure.banking.chase.com.customer-verification-portal.net/login.php,1
https://signin.amazon.com.account-update-services-online.info/verify,1
https://auth.google.com.user-security-checkpoint-verification.org/login,1
https://appleid.apple.com.identity-verification-support-center.xyz/auth,1
https://bit.ly/3xYzP89_paypal_login,1
https://tinyurl.com/secure-bank-verify-2026,1
https://t.co/XyZ901AbCd_update,1
https://is.gd/chase_security_update,1
https://cutt.ly/netflix_free_subscription_claim,1
https://rb.gy/binance_wallet_claim_bonus,1
https://paypal.com@security-update-checkpoint.net/login,1
https://google.com@auth-login-verify.xyz/account,1
https://microsoft.com//auth//login//verify.php,1
https://amazon.com?redirect=http://malicious-phish-site.com/login,1
https://paypa1.com/cgi-bin/webscr-login/secure/step_1.php?user_id=50,1
https://pinteresl.com/auth/login/secure/step_1.php?user_id=51,1
https://paypal-security-update.com/signin/account-verify/secure/step_1.php?user_id=52,1
https://paypal-account-verification-service.com/login.php/secure/step_1.php?user_id=53,1
https://accounts-google-verify.com/login/secure/step_1.php?user_id=54,1
https://google-drive-security-check.xyz/login.html/secure/step_1.php?user_id=55,1
https://microsoft-online-auth.top/signin/secure/step_1.php?user_id=56,1
https://login-microsoftonline-account.club/auth/secure/step_1.php?user_id=57,1
https://amazon-order-verification.info/update-payment/secure/step_1.php?user_id=58,1
https://amazon-security-alert.work/account/login/secure/step_1.php?user_id=59,1
https://appleid-apple-support.com/verify-identity/secure/step_1.php?user_id=60,1
https://apple-icloud-login-check.gq/auth/secure/step_1.php?user_id=61,1
https://facebook-security-checkpoint.cf/login.php/secure/step_1.php?user_id=62,1
https://instagram-verify-badge-claim.online/claim/secure/step_1.php?user_id=63,1
https://netflix-billing-update-required.site/account/secure/step_1.php?user_id=64,1
https://linkedin-job-application-auth.buzz/signin/secure/step_1.php?user_id=65,1
https://github-account-security-alert.icu/auth/secure/step_1.php?user_id=66,1
https://twitter-blue-verification-free.tk/verify/secure/step_1.php?user_id=67,1
https://binance-wallet-verification.monster/login/secure/step_1.php?user_id=68,1
https://coinbase-account-unlock-support.best/auth/secure/step_1.php?user_id=69,1
http://192.168.1.100/paypal/login.html/secure/step_1.php?user_id=70,1
http://45.33.22.11/secure/chase-bank/login/secure/step_1.php?user_id=71,1
http://185.220.101.5/apple/verify.php/secure/step_1.php?user_id=72,1
http://103.253.144.12/netflix/account-billing/secure/step_1.php?user_id=73,1
http://91.240.118.168/wellsfargo/auth/secure/step_1.php?user_id=74,1
http://198.51.100.23/amazon/update-card.html/secure/step_1.php?user_id=75,1
http://203.0.113.42/google/signin-prompt/secure/step_1.php?user_id=76,1
https://secure-login-account-verify.xyz/signin/secure/step_1.php?user_id=77,1
https://update-billing-info-now.top/account/secure/step_1.php?user_id=78,1
https://verify-credential-access.club/login/secure/step_1.php?user_id=79,1
https://passcode-auth-verification.online/webscr/secure/step_1.php?user_id=80,1
https://banking-security-checkpoint.site/relogin/secure/step_1.php?user_id=81,1
https://authorize-wallet-confirm.buzz/checkpoint/secure/step_1.php?user_id=82,1
https://secure-passcode-update.icu/billing/secure/step_1.php?user_id=83,1
https://account-relogin-validation.tk/security/secure/step_1.php?user_id=84,1
https://login.verify.account.update.secure.paypal.auth-check.com/signin/secure/step_1.php?user_id=85,1
https://secure.banking.chase.com.customer-verification-portal.net/login.php/secure/step_1.php?user_id=86,1
https://signin.amazon.com.account-update-services-online.info/verify/secure/step_1.php?user_id=87,1
https://auth.google.com.user-security-checkpoint-verification.org/login/secure/step_1.php?user_id=88,1
https://appleid.apple.com.identity-verification-support-center.xyz/auth/secure/step_1.php?user_id=89,1
https://bit.ly/3xYzP89_paypal_login/secure/step_1.php?user_id=90,1
https://tinyurl.com/secure-bank-verify-2026/secure/step_1.php?user_id=91,1
https://t.co/XyZ901AbCd_update/secure/step_1.php?user_id=92,1
https://is.gd/chase_security_update/secure/step_1.php?user_id=93,1
https://cutt.ly/netflix_free_subscription_claim/secure/step_1.php?user_id=94,1
https://rb.gy/binance_wallet_claim_bonus/secure/step_1.php?user_id=95,1
https://paypal.com@security-update-checkpoint.net/login/secure/step_1.php?user_id=96,1
https://google.com@auth-login-verify.xyz/account/secure/step_1.php?user_id=97,1
https://microsoft.com//auth//login//verify.php/secure/step_1.php?user_id=98,1
https://amazon.com?redirect=http://malicious-phish-site.com/login&token=phish_session_1_99&action=verify,1
https://paypa1.com/cgi-bin/webscr-login/secure/step_2.php?user_id=100,1
https://pinteresl.com/auth/login/secure/step_2.php?user_id=101,1
https://paypal-security-update.com/signin/account-verify/secure/step_2.php?user_id=102,1
https://paypal-account-verification-service.com/login.php/secure/step_2.php?user_id=103,1
https://accounts-google-verify.com/login/secure/step_2.php?user_id=104,1
https://google-drive-security-check.xyz/login.html/secure/step_2.php?user_id=105,1
https://microsoft-online-auth.top/signin/secure/step_2.php?user_id=106,1
https://login-microsoftonline-account.club/auth/secure/step_2.php?user_id=107,1
https://amazon-order-verification.info/update-payment/secure/step_2.php?user_id=108,1
https://amazon-security-alert.work/account/login/secure/step_2.php?user_id=109,1
https://appleid-apple-support.com/verify-identity/secure/step_2.php?user_id=110,1
https://apple-icloud-login-check.gq/auth/secure/step_2.php?user_id=111,1
https://facebook-security-checkpoint.cf/login.php/secure/step_2.php?user_id=112,1
https://instagram-verify-badge-claim.online/claim/secure/step_2.php?user_id=113,1
https://netflix-billing-update-required.site/account/secure/step_2.php?user_id=114,1
https://linkedin-job-application-auth.buzz/signin/secure/step_2.php?user_id=115,1
https://github-account-security-alert.icu/auth/secure/step_2.php?user_id=116,1
https://twitter-blue-verification-free.tk/verify/secure/step_2.php?user_id=117,1
https://binance-wallet-verification.monster/login/secure/step_2.php?user_id=118,1
https://coinbase-account-unlock-support.best/auth/secure/step_2.php?user_id=119,1
http://192.168.1.100/paypal/login.html/secure/step_2.php?user_id=120,1
http://45.33.22.11/secure/chase-bank/login/secure/step_2.php?user_id=121,1
http://185.220.101.5/apple/verify.php/secure/step_2.php?user_id=122,1
http://103.253.144.12/netflix/account-billing/secure/step_2.php?user_id=123,1
http://91.240.118.168/wellsfargo/auth/secure/step_2.php?user_id=124,1
http://198.51.100.23/amazon/update-card.html/secure/step_2.php?user_id=125,1
http://203.0.113.42/google/signin-prompt/secure/step_2.php?user_id=126,1
https://secure-login-account-verify.xyz/signin/secure/step_2.php?user_id=127,1
https://update-billing-info-now.top/account/secure/step_2.php?user_id=128,1
https://verify-credential-access.club/login/secure/step_2.php?user_id=129,1
https://passcode-auth-verification.online/webscr/secure/step_2.php?user_id=130,1
https://banking-security-checkpoint.site/relogin/secure/step_2.php?user_id=131,1
https://authorize-wallet-confirm.buzz/checkpoint/secure/step_2.php?user_id=132,1
https://secure-passcode-update.icu/billing/secure/step_2.php?user_id=133,1
https://account-relogin-validation.tk/security/secure/step_2.php?user_id=134,1
https://login.verify.account.update.secure.paypal.auth-check.com/signin/secure/step_2.php?user_id=135,1
https://secure.banking.chase.com.customer-verification-portal.net/login.php/secure/step_2.php?user_id=136,1
https://signin.amazon.com.account-update-services-online.info/verify/secure/step_2.php?user_id=137,1
https://auth.google.com.user-security-checkpoint-verification.org/login/secure/step_2.php?user_id=138,1
https://appleid.apple.com.identity-verification-support-center.xyz/auth/secure/step_2.php?user_id=139,1
https://bit.ly/3xYzP89_paypal_login/secure/step_2.php?user_id=140,1
https://tinyurl.com/secure-bank-verify-2026/secure/step_2.php?user_id=141,1
https://t.co/XyZ901AbCd_update/secure/step_2.php?user_id=142,1
https://is.gd/chase_security_update/secure/step_2.php?user_id=143,1
https://cutt.ly/netflix_free_subscription_claim/secure/step_2.php?user_id=144,1
https://rb.gy/binance_wallet_claim_bonus/secure/step_2.php?user_id=145,1
https://paypal.com@security-update-checkpoint.net/login/secure/step_2.php?user_id=146,1
https://google.com@auth-login-verify.xyz/account/secure/step_2.php?user_id=147,1
https://microsoft.com//auth//login//verify.php/secure/step_2.php?user_id=148,1
https://amazon.com?redirect=http://malicious-phish-site.com/login&token=phish_session_2_149&action=verify,1
https://paypa1.com/cgi-bin/webscr-login/secure/step_3.php?user_id=150,1
https://pinteresl.com/auth/login/secure/step_3.php?user_id=151,1
https://paypal-security-update.com/signin/account-verify/secure/step_3.php?user_id=152,1
https://paypal-account-verification-service.com/login.php/secure/step_3.php?user_id=153,1
https://accounts-google-verify.com/login/secure/step_3.php?user_id=154,1
https://google-drive-security-check.xyz/login.html/secure/step_3.php?user_id=155,1
https://microsoft-online-auth.top/signin/secure/step_3.php?user_id=156,1
https://login-microsoftonline-account.club/auth/secure/step_3.php?user_id=157,1
https://amazon-order-verification.info/update-payment/secure/step_3.php?user_id=158,1
https://amazon-security-alert.work/account/login/secure/step_3.php?user_id=159,1
https://appleid-apple-support.com/verify-identity/secure/step_3.php?user_id=160,1
https://apple-icloud-login-check.gq/auth/secure/step_3.php?user_id=161,1
https://facebook-security-checkpoint.cf/login.php/secure/step_3.php?user_id=162,1
https://instagram-verify-badge-claim.online/claim/secure/step_3.php?user_id=163,1
https://netflix-billing-update-required.site/account/secure/step_3.php?user_id=164,1
https://linkedin-job-application-auth.buzz/signin/secure/step_3.php?user_id=165,1
https://github-account-security-alert.icu/auth/secure/step_3.php?user_id=166,1
https://twitter-blue-verification-free.tk/verify/secure/step_3.php?user_id=167,1
https://binance-wallet-verification.monster/login/secure/step_3.php?user_id=168,1
https://coinbase-account-unlock-support.best/auth/secure/step_3.php?user_id=169,1
http://192.168.1.100/paypal/login.html/secure/step_3.php?user_id=170,1
http://45.33.22.11/secure/chase-bank/login/secure/step_3.php?user_id=171,1
http://185.220.101.5/apple/verify.php/secure/step_3.php?user_id=172,1
http://103.253.144.12/netflix/account-billing/secure/step_3.php?user_id=173,1
http://91.240.118.168/wellsfargo/auth/secure/step_3.php?user_id=174,1
http://198.51.100.23/amazon/update-card.html/secure/step_3.php?user_id=175,1
http://203.0.113.42/google/signin-prompt/secure/step_3.php?user_id=176,1
https://secure-login-account-verify.xyz/signin/secure/step_3.php?user_id=177,1
https://update-billing-info-now.top/account/secure/step_3.php?user_id=178,1
https://verify-credential-access.club/login/secure/step_3.php?user_id=179,1
https://passcode-auth-verification.online/webscr/secure/step_3.php?user_id=180,1
https://banking-security-checkpoint.site/relogin/secure/step_3.php?user_id=181,1
https://authorize-wallet-confirm.buzz/checkpoint/secure/step_3.php?user_id=182,1
https://secure-passcode-update.icu/billing/secure/step_3.php?user_id=183,1
https://account-relogin-validation.tk/security/secure/step_3.php?user_id=184,1
https://login.verify.account.update.secure.paypal.auth-check.com/signin/secure/step_3.php?user_id=185,1
https://secure.banking.chase.com.customer-verification-portal.net/login.php/secure/step_3.php?user_id=186,1
https://signin.amazon.com.account-update-services-online.info/verify/secure/step_3.php?user_id=187,1
https://auth.google.com.user-security-checkpoint-verification.org/login/secure/step_3.php?user_id=188,1
https://appleid.apple.com.identity-verification-support-center.xyz/auth/secure/step_3.php?user_id=189,1
https://bit.ly/3xYzP89_paypal_login/secure/step_3.php?user_id=190,1
https://tinyurl.com/secure-bank-verify-2026/secure/step_3.php?user_id=191,1
https://t.co/XyZ901AbCd_update/secure/step_3.php?user_id=192,1
https://is.gd/chase_security_update/secure/step_3.php?user_id=193,1
https://cutt.ly/netflix_free_subscription_claim/secure/step_3.php?user_id=194,1
https://rb.gy/binance_wallet_claim_bonus/secure/step_3.php?user_id=195,1
https://paypal.com@security-update-checkpoint.net/login/secure/step_3.php?user_id=196,1
https://google.com@auth-login-verify.xyz/account/secure/step_3.php?user_id=197,1
https://microsoft.com//auth//login//verify.php/secure/step_3.php?user_id=198,1
https://amazon.com?redirect=http://malicious-phish-site.com/login&token=phish_session_3_199&action=verify,1
https://paypa1.com/cgi-bin/webscr-login/secure/step_4.php?user_id=200,1
https://pinteresl.com/auth/login/secure/step_4.php?user_id=201,1
https://paypal-security-update.com/signin/account-verify/secure/step_4.php?user_id=202,1
https://paypal-account-verification-service.com/login.php/secure/step_4.php?user_id=203,1
https://accounts-google-verify.com/login/secure/step_4.php?user_id=204,1
https://google-drive-security-check.xyz/login.html/secure/step_4.php?user_id=205,1
https://microsoft-online-auth.top/signin/secure/step_4.php?user_id=206,1
https://login-microsoftonline-account.club/auth/secure/step_4.php?user_id=207,1
https://amazon-order-verification.info/update-payment/secure/step_4.php?user_id=208,1
https://amazon-security-alert.work/account/login/secure/step_4.php?user_id=209,1
https://appleid-apple-support.com/verify-identity/secure/step_4.php?user_id=210,1
https://apple-icloud-login-check.gq/auth/secure/step_4.php?user_id=211,1
https://facebook-security-checkpoint.cf/login.php/secure/step_4.php?user_id=212,1
https://instagram-verify-badge-claim.online/claim/secure/step_4.php?user_id=213,1
https://netflix-billing-update-required.site/account/secure/step_4.php?user_id=214,1
https://linkedin-job-application-auth.buzz/signin/secure/step_4.php?user_id=215,1
https://github-account-security-alert.icu/auth/secure/step_4.php?user_id=216,1
https://twitter-blue-verification-free.tk/verify/secure/step_4.php?user_id=217,1
https://binance-wallet-verification.monster/login/secure/step_4.php?user_id=218,1
https://coinbase-account-unlock-support.best/auth/secure/step_4.php?user_id=219,1
http://192.168.1.100/paypal/login.html/secure/step_4.php?user_id=220,1
http://45.33.22.11/secure/chase-bank/login/secure/step_4.php?user_id=221,1
http://185.220.101.5/apple/verify.php/secure/step_4.php?user_id=222,1
http://103.253.144.12/netflix/account-billing/secure/step_4.php?user_id=223,1
http://91.240.118.168/wellsfargo/auth/secure/step_4.php?user_id=224,1
http://198.51.100.23/amazon/update-card.html/secure/step_4.php?user_id=225,1
http://203.0.113.42/google/signin-prompt/secure/step_4.php?user_id=226,1
https://secure-login-account-verify.xyz/signin/secure/step_4.php?user_id=227,1
https://update-billing-info-now.top/account/secure/step_4.php?user_id=228,1
https://verify-credential-access.club/login/secure/step_4.php?user_id=229,1
https://passcode-auth-verification.online/webscr/secure/step_4.php?user_id=230,1
https://banking-security-checkpoint.site/relogin/secure/step_4.php?user_id=231,1
https://authorize-wallet-confirm.buzz/checkpoint/secure/step_4.php?user_id=232,1
https://secure-passcode-update.icu/billing/secure/step_4.php?user_id=233,1
https://account-relogin-validation.tk/security/secure/step_4.php?user_id=234,1
https://login.verify.account.update.secure.paypal.auth-check.com/signin/secure/step_4.php?user_id=235,1
https://secure.banking.chase.com.customer-verification-portal.net/login.php/secure/step_4.php?user_id=236,1
https://signin.amazon.com.account-update-services-online.info/verify/secure/step_4.php?user_id=237,1
https://auth.google.com.user-security-checkpoint-verification.org/login/secure/step_4.php?user_id=238,1
https://appleid.apple.com.identity-verification-support-center.xyz/auth/secure/step_4.php?user_id=239,1
https://bit.ly/3xYzP89_paypal_login/secure/step_4.php?user_id=240,1
https://tinyurl.com/secure-bank-verify-2026/secure/step_4.php?user_id=241,1
https://t.co/XyZ901AbCd_update/secure/step_4.php?user_id=242,1
https://is.gd/chase_security_update/secure/step_4.php?user_id=243,1
https://cutt.ly/netflix_free_subscription_claim/secure/step_4.php?user_id=244,1
https://rb.gy/binance_wallet_claim_bonus/secure/step_4.php?user_id=245,1
https://paypal.com@security-update-checkpoint.net/login/secure/step_4.php?user_id=246,1
https://google.com@auth-login-verify.xyz/account/secure/step_4.php?user_id=247,1
https://microsoft.com//auth//login//verify.php/secure/step_4.php?user_id=248,1
https://amazon.com?redirect=http://malicious-phish-site.com/login&token=phish_session_4_249&action=verify,1
https://paypa1.com/cgi-bin/webscr-login/secure/step_5.php?user_id=250,1
https://pinteresl.com/auth/login/secure/step_5.php?user_id=251,1
https://paypal-security-update.com/signin/account-verify/secure/step_5.php?user_id=252,1
https://paypal-account-verification-service.com/login.php/secure/step_5.php?user_id=253,1
https://accounts-google-verify.com/login/secure/step_5.php?user_id=254,1
https://google-drive-security-check.xyz/login.html/secure/step_5.php?user_id=255,1
https://microsoft-online-auth.top/signin/secure/step_5.php?user_id=256,1
https://login-microsoftonline-account.club/auth/secure/step_5.php?user_id=257,1
https://amazon-order-verification.info/update-payment/secure/step_5.php?user_id=258,1
https://amazon-security-alert.work/account/login/secure/step_5.php?user_id=259,1
https://appleid-apple-support.com/verify-identity/secure/step_5.php?user_id=260,1
https://apple-icloud-login-check.gq/auth/secure/step_5.php?user_id=261,1
https://facebook-security-checkpoint.cf/login.php/secure/step_5.php?user_id=262,1
https://instagram-verify-badge-claim.online/claim/secure/step_5.php?user_id=263,1
https://netflix-billing-update-required.site/account/secure/step_5.php?user_id=264,1
https://linkedin-job-application-auth.buzz/signin/secure/step_5.php?user_id=265,1
https://github-account-security-alert.icu/auth/secure/step_5.php?user_id=266,1
https://twitter-blue-verification-free.tk/verify/secure/step_5.php?user_id=267,1
https://binance-wallet-verification.monster/login/secure/step_5.php?user_id=268,1
https://coinbase-account-unlock-support.best/auth/secure/step_5.php?user_id=269,1
http://192.168.1.100/paypal/login.html/secure/step_5.php?user_id=270,1
http://45.33.22.11/secure/chase-bank/login/secure/step_5.php?user_id=271,1
http://185.220.101.5/apple/verify.php/secure/step_5.php?user_id=272,1
http://103.253.144.12/netflix/account-billing/secure/step_5.php?user_id=273,1
http://91.240.118.168/wellsfargo/auth/secure/step_5.php?user_id=274,1
http://198.51.100.23/amazon/update-card.html/secure/step_5.php?user_id=275,1
http://203.0.113.42/google/signin-prompt/secure/step_5.php?user_id=276,1
https://secure-login-account-verify.xyz/signin/secure/step_5.php?user_id=277,1
https://update-billing-info-now.top/account/secure/step_5.php?user_id=278,1
https://verify-credential-access.club/login/secure/step_5.php?user_id=279,1
https://passcode-auth-verification.online/webscr/secure/step_5.php?user_id=280,1
https://banking-security-checkpoint.site/relogin/secure/step_5.php?user_id=281,1
https://authorize-wallet-confirm.buzz/checkpoint/secure/step_5.php?user_id=282,1
https://secure-passcode-update.icu/billing/secure/step_5.php?user_id=283,1
https://account-relogin-validation.tk/security/secure/step_5.php?user_id=284,1
https://login.verify.account.update.secure.paypal.auth-check.com/signin/secure/step_5.php?user_id=285,1
https://secure.banking.chase.com.customer-verification-portal.net/login.php/secure/step_5.php?user_id=286,1
https://signin.amazon.com.account-update-services-online.info/verify/secure/step_5.php?user_id=287,1
https://auth.google.com.user-security-checkpoint-verification.org/login/secure/step_5.php?user_id=288,1
https://appleid.apple.com.identity-verification-support-center.xyz/auth/secure/step_5.php?user_id=289,1
https://bit.ly/3xYzP89_paypal_login/secure/step_5.php?user_id=290,1
https://tinyurl.com/secure-bank-verify-2026/secure/step_5.php?user_id=291,1
https://t.co/XyZ901AbCd_update/secure/step_5.php?user_id=292,1
https://is.gd/chase_security_update/secure/step_5.php?user_id=293,1
https://cutt.ly/netflix_free_subscription_claim/secure/step_5.php?user_id=294,1
https://rb.gy/binance_wallet_claim_bonus/secure/step_5.php?user_id=295,1
https://paypal.com@security-update-checkpoint.net/login/secure/step_5.php?user_id=296,1
https://google.com@auth-login-verify.xyz/account/secure/step_5.php?user_id=297,1
https://microsoft.com//auth//login//verify.php/secure/step_5.php?user_id=298,1
https://amazon.com?redirect=http://malicious-phish-site.com/login&token=phish_session_5_299&action=verify,1
https://paypa1.com/cgi-bin/webscr-login/secure/step_6.php?user_id=300,1
https://pinteresl.com/auth/login/secure/step_6.php?user_id=301,1
https://paypal-security-update.com/signin/account-verify/secure/step_6.php?user_id=302,1
https://paypal-account-verification-service.com/login.php/secure/step_6.php?user_id=303,1
https://accounts-google-verify.com/login/secure/step_6.php?user_id=304,1
https://google-drive-security-check.xyz/login.html/secure/step_6.php?user_id=305,1
https://microsoft-online-auth.top/signin/secure/step_6.php?user_id=306,1
https://login-microsoftonline-account.club/auth/secure/step_6.php?user_id=307,1
https://amazon-order-verification.info/update-payment/secure/step_6.php?user_id=308,1
https://amazon-security-alert.work/account/login/secure/step_6.php?user_id=309,1
https://appleid-apple-support.com/verify-identity/secure/step_6.php?user_id=310,1
https://apple-icloud-login-check.gq/auth/secure/step_6.php?user_id=311,1
https://facebook-security-checkpoint.cf/login.php/secure/step_6.php?user_id=312,1
https://instagram-verify-badge-claim.online/claim/secure/step_6.php?user_id=313,1
https://netflix-billing-update-required.site/account/secure/step_6.php?user_id=314,1
https://linkedin-job-application-auth.buzz/signin/secure/step_6.php?user_id=315,1
https://github-account-security-alert.icu/auth/secure/step_6.php?user_id=316,1
https://twitter-blue-verification-free.tk/verify/secure/step_6.php?user_id=317,1
https://binance-wallet-verification.monster/login/secure/step_6.php?user_id=318,1
https://coinbase-account-unlock-support.best/auth/secure/step_6.php?user_id=319,1
http://192.168.1.100/paypal/login.html/secure/step_6.php?user_id=320,1
http://45.33.22.11/secure/chase-bank/login/secure/step_6.php?user_id=321,1
http://185.220.101.5/apple/verify.php/secure/step_6.php?user_id=322,1
http://103.253.144.12/netflix/account-billing/secure/step_6.php?user_id=323,1
http://91.240.118.168/wellsfargo/auth/secure/step_6.php?user_id=324,1
http://198.51.100.23/amazon/update-card.html/secure/step_6.php?user_id=325,1
http://203.0.113.42/google/signin-prompt/secure/step_6.php?user_id=326,1
https://secure-login-account-verify.xyz/signin/secure/step_6.php?user_id=327,1
https://update-billing-info-now.top/account/secure/step_6.php?user_id=328,1
https://verify-credential-access.club/login/secure/step_6.php?user_id=329,1
https://passcode-auth-verification.online/webscr/secure/step_6.php?user_id=330,1
https://banking-security-checkpoint.site/relogin/secure/step_6.php?user_id=331,1
https://authorize-wallet-confirm.buzz/checkpoint/secure/step_6.php?user_id=332,1
https://secure-passcode-update.icu/billing/secure/step_6.php?user_id=333,1
https://account-relogin-validation.tk/security/secure/step_6.php?user_id=334,1
https://login.verify.account.update.secure.paypal.auth-check.com/signin/secure/step_6.php?user_id=335,1
https://secure.banking.chase.com.customer-verification-portal.net/login.php/secure/step_6.php?user_id=336,1
https://signin.amazon.com.account-update-services-online.info/verify/secure/step_6.php?user_id=337,1
https://auth.google.com.user-security-checkpoint-verification.org/login/secure/step_6.php?user_id=338,1
https://appleid.apple.com.identity-verification-support-center.xyz/auth/secure/step_6.php?user_id=339,1
https://bit.ly/3xYzP89_paypal_login/secure/step_6.php?user_id=340,1
https://tinyurl.com/secure-bank-verify-2026/secure/step_6.php?user_id=341,1
https://t.co/XyZ901AbCd_update/secure/step_6.php?user_id=342,1
https://is.gd/chase_security_update/secure/step_6.php?user_id=343,1
https://cutt.ly/netflix_free_subscription_claim/secure/step_6.php?user_id=344,1
https://rb.gy/binance_wallet_claim_bonus/secure/step_6.php?user_id=345,1
https://paypal.com@security-update-checkpoint.net/login/secure/step_6.php?user_id=346,1
https://google.com@auth-login-verify.xyz/account/secure/step_6.php?user_id=347,1
https://microsoft.com//auth//login//verify.php/secure/step_6.php?user_id=348,1
https://amazon.com?redirect=http://malicious-phish-site.com/login&token=phish_session_6_349&action=verify,1
https://paypa1.com/cgi-bin/webscr-login/secure/step_7.php?user_id=350,1
https://pinteresl.com/auth/login/secure/step_7.php?user_id=351,1
https://paypal-security-update.com/signin/account-verify/secure/step_7.php?user_id=352,1
https://paypal-account-verification-service.com/login.php/secure/step_7.php?user_id=353,1
https://accounts-google-verify.com/login/secure/step_7.php?user_id=354,1
https://google-drive-security-check.xyz/login.html/secure/step_7.php?user_id=355,1
https://microsoft-online-auth.top/signin/secure/step_7.php?user_id=356,1
https://login-microsoftonline-account.club/auth/secure/step_7.php?user_id=357,1
https://amazon-order-verification.info/update-payment/secure/step_7.php?user_id=358,1
https://amazon-security-alert.work/account/login/secure/step_7.php?user_id=359,1
https://appleid-apple-support.com/verify-identity/secure/step_7.php?user_id=360,1
https://apple-icloud-login-check.gq/auth/secure/step_7.php?user_id=361,1
https://facebook-security-checkpoint.cf/login.php/secure/step_7.php?user_id=362,1
https://instagram-verify-badge-claim.online/claim/secure/step_7.php?user_id=363,1
https://netflix-billing-update-required.site/account/secure/step_7.php?user_id=364,1
https://linkedin-job-application-auth.buzz/signin/secure/step_7.php?user_id=365,1
https://github-account-security-alert.icu/auth/secure/step_7.php?user_id=366,1
https://twitter-blue-verification-free.tk/verify/secure/step_7.php?user_id=367,1
https://binance-wallet-verification.monster/login/secure/step_7.php?user_id=368,1
https://coinbase-account-unlock-support.best/auth/secure/step_7.php?user_id=369,1
http://192.168.1.100/paypal/login.html/secure/step_7.php?user_id=370,1
http://45.33.22.11/secure/chase-bank/login/secure/step_7.php?user_id=371,1
http://185.220.101.5/apple/verify.php/secure/step_7.php?user_id=372,1
http://103.253.144.12/netflix/account-billing/secure/step_7.php?user_id=373,1
http://91.240.118.168/wellsfargo/auth/secure/step_7.php?user_id=374,1
http://198.51.100.23/amazon/update-card.html/secure/step_7.php?user_id=375,1
http://203.0.113.42/google/signin-prompt/secure/step_7.php?user_id=376,1
https://secure-login-account-verify.xyz/signin/secure/step_7.php?user_id=377,1
https://update-billing-info-now.top/account/secure/step_7.php?user_id=378,1
https://verify-credential-access.club/login/secure/step_7.php?user_id=379,1
https://passcode-auth-verification.online/webscr/secure/step_7.php?user_id=380,1
https://banking-security-checkpoint.site/relogin/secure/step_7.php?user_id=381,1
https://authorize-wallet-confirm.buzz/checkpoint/secure/step_7.php?user_id=382,1
https://secure-passcode-update.icu/billing/secure/step_7.php?user_id=383,1
https://account-relogin-validation.tk/security/secure/step_7.php?user_id=384,1
https://login.verify.account.update.secure.paypal.auth-check.com/signin/secure/step_7.php?user_id=385,1
https://secure.banking.chase.com.customer-verification-portal.net/login.php/secure/step_7.php?user_id=386,1
https://signin.amazon.com.account-update-services-online.info/verify/secure/step_7.php?user_id=387,1
https://auth.google.com.user-security-checkpoint-verification.org/login/secure/step_7.php?user_id=388,1
https://appleid.apple.com.identity-verification-support-center.xyz/auth/secure/step_7.php?user_id=389,1
https://bit.ly/3xYzP89_paypal_login/secure/step_7.php?user_id=390,1
https://tinyurl.com/secure-bank-verify-2026/secure/step_7.php?user_id=391,1
https://t.co/XyZ901AbCd_update/secure/step_7.php?user_id=392,1
https://is.gd/chase_security_update/secure/step_7.php?user_id=393,1
https://cutt.ly/netflix_free_subscription_claim/secure/step_7.php?user_id=394,1
https://rb.gy/binance_wallet_claim_bonus/secure/step_7.php?user_id=395,1
https://paypal.com@security-update-checkpoint.net/login/secure/step_7.php?user_id=396,1
https://google.com@auth-login-verify.xyz/account/secure/step_7.php?user_id=397,1
https://microsoft.com//auth//login//verify.php/secure/step_7.php?user_id=398,1
https://amazon.com?redirect=http://malicious-phish-site.com/login&token=phish_session_7_399&action=verify,1
https://paypa1.com/cgi-bin/webscr-login/secure/step_8.php?user_id=400,1
https://pinteresl.com/auth/login/secure/step_8.php?user_id=401,1
https://paypal-security-update.com/signin/account-verify/secure/step_8.php?user_id=402,1
https://paypal-account-verification-service.com/login.php/secure/step_8.php?user_id=403,1
https://accounts-google-verify.com/login/secure/step_8.php?user_id=404,1
https://google-drive-security-check.xyz/login.html/secure/step_8.php?user_id=405,1
https://microsoft-online-auth.top/signin/secure/step_8.php?user_id=406,1
https://login-microsoftonline-account.club/auth/secure/step_8.php?user_id=407,1
https://amazon-order-verification.info/update-payment/secure/step_8.php?user_id=408,1
https://amazon-security-alert.work/account/login/secure/step_8.php?user_id=409,1
https://appleid-apple-support.com/verify-identity/secure/step_8.php?user_id=410,1
https://apple-icloud-login-check.gq/auth/secure/step_8.php?user_id=411,1
https://facebook-security-checkpoint.cf/login.php/secure/step_8.php?user_id=412,1
https://instagram-verify-badge-claim.online/claim/secure/step_8.php?user_id=413,1
https://netflix-billing-update-required.site/account/secure/step_8.php?user_id=414,1
https://linkedin-job-application-auth.buzz/signin/secure/step_8.php?user_id=415,1
https://github-account-security-alert.icu/auth/secure/step_8.php?user_id=416,1
https://twitter-blue-verification-free.tk/verify/secure/step_8.php?user_id=417,1
https://binance-wallet-verification.monster/login/secure/step_8.php?user_id=418,1
https://coinbase-account-unlock-support.best/auth/secure/step_8.php?user_id=419,1
http://192.168.1.100/paypal/login.html/secure/step_8.php?user_id=420,1
http://45.33.22.11/secure/chase-bank/login/secure/step_8.php?user_id=421,1
http://185.220.101.5/apple/verify.php/secure/step_8.php?user_id=422,1
http://103.253.144.12/netflix/account-billing/secure/step_8.php?user_id=423,1
http://91.240.118.168/wellsfargo/auth/secure/step_8.php?user_id=424,1
http://198.51.100.23/amazon/update-card.html/secure/step_8.php?user_id=425,1
http://203.0.113.42/google/signin-prompt/secure/step_8.php?user_id=426,1
https://secure-login-account-verify.xyz/signin/secure/step_8.php?user_id=427,1
https://update-billing-info-now.top/account/secure/step_8.php?user_id=428,1
https://verify-credential-access.club/login/secure/step_8.php?user_id=429,1
https://passcode-auth-verification.online/webscr/secure/step_8.php?user_id=430,1
https://banking-security-checkpoint.site/relogin/secure/step_8.php?user_id=431,1
https://authorize-wallet-confirm.buzz/checkpoint/secure/step_8.php?user_id=432,1
https://secure-passcode-update.icu/billing/secure/step_8.php?user_id=433,1
https://account-relogin-validation.tk/security/secure/step_8.php?user_id=434,1
https://login.verify.account.update.secure.paypal.auth-check.com/signin/secure/step_8.php?user_id=435,1
https://secure.banking.chase.com.customer-verification-portal.net/login.php/secure/step_8.php?user_id=436,1
https://signin.amazon.com.account-update-services-online.info/verify/secure/step_8.php?user_id=437,1
https://auth.google.com.user-security-checkpoint-verification.org/login/secure/step_8.php?user_id=438,1
https://appleid.apple.com.identity-verification-support-center.xyz/auth/secure/step_8.php?user_id=439,1
https://bit.ly/3xYzP89_paypal_login/secure/step_8.php?user_id=440,1
https://tinyurl.com/secure-bank-verify-2026/secure/step_8.php?user_id=441,1
https://t.co/XyZ901AbCd_update/secure/step_8.php?user_id=442,1
https://is.gd/chase_security_update/secure/step_8.php?user_id=443,1
https://cutt.ly/netflix_free_subscription_claim/secure/step_8.php?user_id=444,1
https://rb.gy/binance_wallet_claim_bonus/secure/step_8.php?user_id=445,1
https://paypal.com@security-update-checkpoint.net/login/secure/step_8.php?user_id=446,1
https://google.com@auth-login-verify.xyz/account/secure/step_8.php?user_id=447,1
https://microsoft.com//auth//login//verify.php/secure/step_8.php?user_id=448,1
https://amazon.com?redirect=http://malicious-phish-site.com/login&token=phish_session_8_449&action=verify,1
https://paypa1.com/cgi-bin/webscr-login/secure/step_9.php?user_id=450,1
https://pinteresl.com/auth/login/secure/step_9.php?user_id=451,1
https://paypal-security-update.com/signin/account-verify/secure/step_9.php?user_id=452,1
https://paypal-account-verification-service.com/login.php/secure/step_9.php?user_id=453,1
https://accounts-google-verify.com/login/secure/step_9.php?user_id=454,1
https://google-drive-security-check.xyz/login.html/secure/step_9.php?user_id=455,1
https://microsoft-online-auth.top/signin/secure/step_9.php?user_id=456,1
https://login-microsoftonline-account.club/auth/secure/step_9.php?user_id=457,1
https://amazon-order-verification.info/update-payment/secure/step_9.php?user_id=458,1
https://amazon-security-alert.work/account/login/secure/step_9.php?user_id=459,1
https://appleid-apple-support.com/verify-identity/secure/step_9.php?user_id=460,1
https://apple-icloud-login-check.gq/auth/secure/step_9.php?user_id=461,1
https://facebook-security-checkpoint.cf/login.php/secure/step_9.php?user_id=462,1
https://instagram-verify-badge-claim.online/claim/secure/step_9.php?user_id=463,1
https://netflix-billing-update-required.site/account/secure/step_9.php?user_id=464,1
https://linkedin-job-application-auth.buzz/signin/secure/step_9.php?user_id=465,1
https://github-account-security-alert.icu/auth/secure/step_9.php?user_id=466,1
https://twitter-blue-verification-free.tk/verify/secure/step_9.php?user_id=467,1
https://binance-wallet-verification.monster/login/secure/step_9.php?user_id=468,1
https://coinbase-account-unlock-support.best/auth/secure/step_9.php?user_id=469,1
http://192.168.1.100/paypal/login.html/secure/step_9.php?user_id=470,1
http://45.33.22.11/secure/chase-bank/login/secure/step_9.php?user_id=471,1
http://185.220.101.5/apple/verify.php/secure/step_9.php?user_id=472,1
http://103.253.144.12/netflix/account-billing/secure/step_9.php?user_id=473,1
http://91.240.118.168/wellsfargo/auth/secure/step_9.php?user_id=474,1
http://198.51.100.23/amazon/update-card.html/secure/step_9.php?user_id=475,1
http://203.0.113.42/google/signin-prompt/secure/step_9.php?user_id=476,1
https://secure-login-account-verify.xyz/signin/secure/step_9.php?user_id=477,1
https://update-billing-info-now.top/account/secure/step_9.php?user_id=478,1
https://verify-credential-access.club/login/secure/step_9.php?user_id=479,1
https://passcode-auth-verification.online/webscr/secure/step_9.php?user_id=480,1
https://banking-security-checkpoint.site/relogin/secure/step_9.php?user_id=481,1
https://authorize-wallet-confirm.buzz/checkpoint/secure/step_9.php?user_id=482,1
https://secure-passcode-update.icu/billing/secure/step_9.php?user_id=483,1
https://account-relogin-validation.tk/security/secure/step_9.php?user_id=484,1
https://login.verify.account.update.secure.paypal.auth-check.com/signin/secure/step_9.php?user_id=485,1
https://secure.banking.chase.com.customer-verification-portal.net/login.php/secure/step_9.php?user_id=486,1
https://signin.amazon.com.account-update-services-online.info/verify/secure/step_9.php?user_id=487,1
https://auth.google.com.user-security-checkpoint-verification.org/login/secure/step_9.php?user_id=488,1
https://appleid.apple.com.identity-verification-support-center.xyz/auth/secure/step_9.php?user_id=489,1
https://bit.ly/3xYzP89_paypal_login/secure/step_9.php?user_id=490,1
https://tinyurl.com/secure-bank-verify-2026/secure/step_9.php?user_id=491,1
https://t.co/XyZ901AbCd_update/secure/step_9.php?user_id=492,1
https://is.gd/chase_security_update/secure/step_9.php?user_id=493,1
https://cutt.ly/netflix_free_subscription_claim/secure/step_9.php?user_id=494,1
https://rb.gy/binance_wallet_claim_bonus/secure/step_9.php?user_id=495,1
https://paypal.com@security-update-checkpoint.net/login/secure/step_9.php?user_id=496,1
https://google.com@auth-login-verify.xyz/account/secure/step_9.php?user_id=497,1
https://microsoft.com//auth//login//verify.php/secure/step_9.php?user_id=498,1
https://amazon.com?redirect=http://malicious-phish-site.com/login&token=phish_session_9_499&action=verify,1
https://paypa1.com/cgi-bin/webscr-login/secure/step_10.php?user_id=500,1
https://pinteresl.com/auth/login/secure/step_10.php?user_id=501,1
https://paypal-security-update.com/signin/account-verify/secure/step_10.php?user_id=502,1
https://paypal-account-verification-service.com/login.php/secure/step_10.php?user_id=503,1
https://accounts-google-verify.com/login/secure/step_10.php?user_id=504,1
https://google-drive-security-check.xyz/login.html/secure/step_10.php?user_id=505,1
https://microsoft-online-auth.top/signin/secure/step_10.php?user_id=506,1
https://login-microsoftonline-account.club/auth/secure/step_10.php?user_id=507,1
https://amazon-order-verification.info/update-payment/secure/step_10.php?user_id=508,1
https://amazon-security-alert.work/account/login/secure/step_10.php?user_id=509,1
https://appleid-apple-support.com/verify-identity/secure/step_10.php?user_id=510,1
https://apple-icloud-login-check.gq/auth/secure/step_10.php?user_id=511,1
https://facebook-security-checkpoint.cf/login.php/secure/step_10.php?user_id=512,1
https://instagram-verify-badge-claim.online/claim/secure/step_10.php?user_id=513,1
https://netflix-billing-update-required.site/account/secure/step_10.php?user_id=514,1
https://linkedin-job-application-auth.buzz/signin/secure/step_10.php?user_id=515,1
https://github-account-security-alert.icu/auth/secure/step_10.php?user_id=516,1
https://twitter-blue-verification-free.tk/verify/secure/step_10.php?user_id=517,1
https://binance-wallet-verification.monster/login/secure/step_10.php?user_id=518,1
https://coinbase-account-unlock-support.best/auth/secure/step_10.php?user_id=519,1
http://192.168.1.100/paypal/login.html/secure/step_10.php?user_id=520,1
http://45.33.22.11/secure/chase-bank/login/secure/step_10.php?user_id=521,1
http://185.220.101.5/apple/verify.php/secure/step_10.php?user_id=522,1
http://103.253.144.12/netflix/account-billing/secure/step_10.php?user_id=523,1
http://91.240.118.168/wellsfargo/auth/secure/step_10.php?user_id=524,1
http://198.51.100.23/amazon/update-card.html/secure/step_10.php?user_id=525,1
http://203.0.113.42/google/signin-prompt/secure/step_10.php?user_id=526,1
https://secure-login-account-verify.xyz/signin/secure/step_10.php?user_id=527,1
https://update-billing-info-now.top/account/secure/step_10.php?user_id=528,1
https://verify-credential-access.club/login/secure/step_10.php?user_id=529,1
https://passcode-auth-verification.online/webscr/secure/step_10.php?user_id=530,1
https://banking-security-checkpoint.site/relogin/secure/step_10.php?user_id=531,1
https://authorize-wallet-confirm.buzz/checkpoint/secure/step_10.php?user_id=532,1
https://secure-passcode-update.icu/billing/secure/step_10.php?user_id=533,1
https://account-relogin-validation.tk/security/secure/step_10.php?user_id=534,1
https://login.verify.account.update.secure.paypal.auth-check.com/signin/secure/step_10.php?user_id=535,1
https://secure.banking.chase.com.customer-verification-portal.net/login.php/secure/step_10.php?user_id=536,1
https://signin.amazon.com.account-update-services-online.info/verify/secure/step_10.php?user_id=537,1
https://auth.google.com.user-security-checkpoint-verification.org/login/secure/step_10.php?user_id=538,1
https://appleid.apple.com.identity-verification-support-center.xyz/auth/secure/step_10.php?user_id=539,1
https://bit.ly/3xYzP89_paypal_login/secure/step_10.php?user_id=540,1
https://tinyurl.com/secure-bank-verify-2026/secure/step_10.php?user_id=541,1
https://t.co/XyZ901AbCd_update/secure/step_10.php?user_id=542,1
https://is.gd/chase_security_update/secure/step_10.php?user_id=543,1
https://cutt.ly/netflix_free_subscription_claim/secure/step_10.php?user_id=544,1
https://rb.gy/binance_wallet_claim_bonus/secure/step_10.php?user_id=545,1
https://paypal.com@security-update-checkpoint.net/login/secure/step_10.php?user_id=546,1
https://google.com@auth-login-verify.xyz/account/secure/step_10.php?user_id=547,1
https://microsoft.com//auth//login//verify.php/secure/step_10.php?user_id=548,1
https://amazon.com?redirect=http://malicious-phish-site.com/login&token=phish_session_10_549&action=verify,1
https://paypa1.com/cgi-bin/webscr-login/secure/step_11.php?user_id=550,1
https://pinteresl.com/auth/login/secure/step_11.php?user_id=551,1
https://paypal-security-update.com/signin/account-verify/secure/step_11.php?user_id=552,1
https://paypal-account-verification-service.com/login.php/secure/step_11.php?user_id=553,1
https://accounts-google-verify.com/login/secure/step_11.php?user_id=554,1
https://google-drive-security-check.xyz/login.html/secure/step_11.php?user_id=555,1
https://microsoft-online-auth.top/signin/secure/step_11.php?user_id=556,1
https://login-microsoftonline-account.club/auth/secure/step_11.php?user_id=557,1
https://amazon-order-verification.info/update-payment/secure/step_11.php?user_id=558,1
https://amazon-security-alert.work/account/login/secure/step_11.php?user_id=559,1
https://appleid-apple-support.com/verify-identity/secure/step_11.php?user_id=560,1
https://apple-icloud-login-check.gq/auth/secure/step_11.php?user_id=561,1
https://facebook-security-checkpoint.cf/login.php/secure/step_11.php?user_id=562,1
https://instagram-verify-badge-claim.online/claim/secure/step_11.php?user_id=563,1
https://netflix-billing-update-required.site/account/secure/step_11.php?user_id=564,1
https://linkedin-job-application-auth.buzz/signin/secure/step_11.php?user_id=565,1
https://github-account-security-alert.icu/auth/secure/step_11.php?user_id=566,1
https://twitter-blue-verification-free.tk/verify/secure/step_11.php?user_id=567,1
https://binance-wallet-verification.monster/login/secure/step_11.php?user_id=568,1
https://coinbase-account-unlock-support.best/auth/secure/step_11.php?user_id=569,1
http://192.168.1.100/paypal/login.html/secure/step_11.php?user_id=570,1
http://45.33.22.11/secure/chase-bank/login/secure/step_11.php?user_id=571,1
http://185.220.101.5/apple/verify.php/secure/step_11.php?user_id=572,1
http://103.253.144.12/netflix/account-billing/secure/step_11.php?user_id=573,1
http://91.240.118.168/wellsfargo/auth/secure/step_11.php?user_id=574,1
http://198.51.100.23/amazon/update-card.html/secure/step_11.php?user_id=575,1
http://203.0.113.42/google/signin-prompt/secure/step_11.php?user_id=576,1
https://secure-login-account-verify.xyz/signin/secure/step_11.php?user_id=577,1
https://update-billing-info-now.top/account/secure/step_11.php?user_id=578,1
https://verify-credential-access.club/login/secure/step_11.php?user_id=579,1
https://passcode-auth-verification.online/webscr/secure/step_11.php?user_id=580,1
https://banking-security-checkpoint.site/relogin/secure/step_11.php?user_id=581,1
https://authorize-wallet-confirm.buzz/checkpoint/secure/step_11.php?user_id=582,1
https://secure-passcode-update.icu/billing/secure/step_11.php?user_id=583,1
https://account-relogin-validation.tk/security/secure/step_11.php?user_id=584,1
https://login.verify.account.update.secure.paypal.auth-check.com/signin/secure/step_11.php?user_id=585,1
https://secure.banking.chase.com.customer-verification-portal.net/login.php/secure/step_11.php?user_id=586,1
https://signin.amazon.com.account-update-services-online.info/verify/secure/step_11.php?user_id=587,1
https://auth.google.com.user-security-checkpoint-verification.org/login/secure/step_11.php?user_id=588,1
https://appleid.apple.com.identity-verification-support-center.xyz/auth/secure/step_11.php?user_id=589,1
https://bit.ly/3xYzP89_paypal_login/secure/step_11.php?user_id=590,1
https://tinyurl.com/secure-bank-verify-2026/secure/step_11.php?user_id=591,1
https://t.co/XyZ901AbCd_update/secure/step_11.php?user_id=592,1
https://is.gd/chase_security_update/secure/step_11.php?user_id=593,1
https://cutt.ly/netflix_free_subscription_claim/secure/step_11.php?user_id=594,1
https://rb.gy/binance_wallet_claim_bonus/secure/step_11.php?user_id=595,1
https://paypal.com@security-update-checkpoint.net/login/secure/step_11.php?user_id=596,1
https://google.com@auth-login-verify.xyz/account/secure/step_11.php?user_id=597,1
https://microsoft.com//auth//login//verify.php/secure/step_11.php?user_id=598,1
https://amazon.com?redirect=http://malicious-phish-site.com/login&token=phish_session_11_599&action=verify,1
